{
  "ra": 35.07620700728148,
  "phase_total": 45.887802426703274
}