{
  "run_dir": "results/e2/2026-03-09-e2-r1",
  "representation": {
    "pca_rank": 48,
    "lifting": "quadratic"
  },
  "control_static": {
    "method": "Static Koopman aligner-r48",
    "accuracy_mean": 0.3834876543209876,
    "accuracy_std": 0.1367578604895993,
    "kappa_mean": 0.1779835390946502,
    "kappa_std": 0.1823438139861325,
    "rbid": 0.3134920634920635,
    "rbid_pos": 0.1567460317460317,
    "rbid_neg": 0.1567460317460317,
    "tail_rbid": 0.6357142857142856,
    "pearson_r": 0.4840564679661936
  },
  "control_e1": {
    "method": "Conservative Koopman aligner-r48",
    "accuracy_mean": 0.42476851851851855,
    "accuracy_std": 0.13713079992685903,
    "kappa_mean": 0.2330246913580247,
    "kappa_std": 0.1828410665691454,
    "rbid": 0.3055555555555556,
    "rbid_pos": 0.1527777777777778,
    "rbid_neg": 0.1527777777777778,
    "tail_rbid": 0.5502645502645502,
    "pearson_r": 0.2505552458334039
  },
  "rbid_aware": {
    "method": "RBID-aware Conservative Koopman aligner-r48",
    "accuracy_mean": 0.4232253086419753,
    "accuracy_std": 0.13781534367215656,
    "kappa_mean": 0.2309670781893004,
    "kappa_std": 0.1837537915628754,
    "rbid": 0.30952380952380953,
    "rbid_pos": 0.15476190476190477,
    "rbid_neg": 0.15476190476190477,
    "tail_rbid": 0.6233766233766234,
    "pearson_r": 0.3696467160602598
  },
  "delta_vs_e1": {
    "accuracy_mean": -0.0015432098765432722,
    "rbid": 0.003968253968253954,
    "tail_rbid": 0.07311207311207313
  },
  "delta_vs_static_control": {
    "accuracy_mean": 0.03973765432098769,
    "rbid": -0.003968253968253954,
    "tail_rbid": -0.012337662337662203
  },
  "gate": {
    "accuracy_pass": false,
    "rbid_pass": false,
    "tail_rbid_pass": false,
    "ready_for_e3_like_extensions": false
  },
  "elapsed_sec": 32.66401637502713
}