{
  "r": 0.4840564679661936,
  "p_value": 1.6477135004423732e-05
}