{
  "accuracy": {
    "mean": 0.38348765432098764,
    "std": 0.13675786048959937
  },
  "kappa": {
    "mean": 0.17798353909465023,
    "std": 0.1823438139861325
  },
  "f1_macro": {
    "mean": 0.336462616292801,
    "std": 0.1464287337936078
  }
}