{
  "r": 0.6409675074768002,
  "p_value": 1.321044213032429e-09
}