{
  "accuracy": {
    "mean": 0.4274691358024691,
    "std": 0.13318862911969348
  },
  "kappa": {
    "mean": 0.2366255144032922,
    "std": 0.17758483882625797
  },
  "f1_macro": {
    "mean": 0.4086730804221882,
    "std": 0.13001886596147672
  }
}