{
  "ra": {
    "accuracy": {
      "mean": 0.4274691358024691,
      "std": 0.13318862911969348
    },
    "kappa": {
      "mean": 0.2366255144032922,
      "std": 0.17758483882625797
    },
    "f1_macro": {
      "mean": 0.4086730804221882,
      "std": 0.13001886596147672
    }
  },
  "dca_bgf": {
    "accuracy": {
      "mean": 0.4097222222222222,
      "std": 0.12458941054173026
    },
    "kappa": {
      "mean": 0.21296296296296297,
      "std": 0.1661192140556403
    },
    "f1_macro": {
      "mean": 0.38514496795196335,
      "std": 0.1250314129544634
    }
  },
  "improvement_vs_ra": {
    "accuracy": -0.01774691358024688,
    "kappa": -0.02366255144032922,
    "f1_macro": -0.02352811247022485
  }
}