k_rbid,mean_oracle_gain
"(0.114, 0.423]",0.06845238095238096
"(0.423, 0.538]",0.040865384615384616
