{
  "r": 0.4669132376017698,
  "p_value": 3.5579090865087365e-05
}