{
  "accuracy": {
    "mean": 0.3804012345679012,
    "std": 0.1179420296560833
  },
  "kappa": {
    "mean": 0.17386831275720166,
    "std": 0.15725603954144438
  },
  "f1_macro": {
    "mean": 0.3315192191217418,
    "std": 0.13633194434940551
  }
}