{
  "r": 0.5764939151313928,
  "p_value": 1.161378663496546e-07
}