{
  "accuracy": {
    "mean": 0.43094135802469136,
    "std": 0.14181429157743736
  },
  "kappa": {
    "mean": 0.24125514403292175,
    "std": 0.1890857221032498
  },
  "f1_macro": {
    "mean": 0.4238722508297883,
    "std": 0.14077491945693357
  }
}