method,accuracy_mean,accuracy_std,delta_vs_reference,wins_vs_reference,losses_vs_reference,draws_vs_reference,elapsed_sec,k,reg_lambda,normalize_output,distance_ratio_before_mean,distance_ratio_after_mean,distance_ratio_delta_mean,distance_ratio_improved_subjects,fold_failures
A0,0.41165123456790126,0.14629876858553303,0.0,0,0,9,27.434941774234176,,,False,0.6785804995316737,0.6785804995316737,0.0,0,0
A1,0.4050925925925926,0.1374272043553007,-0.006558641975308628,2,6,1,26.95770851802081,16.0,0.001,False,0.6787899780949032,0.6511319376011329,-0.027658040493770297,5,0
A3,0.4047067901234568,0.13644895791309392,-0.006944444444444432,2,6,1,28.047755742445588,16.0,0.001,False,0.6783046611538482,0.7016065319578089,0.023301870803960626,3,0
legacy-affine,0.3815586419753087,0.12755921407328105,-0.03009259259259259,2,7,0,26.844075260683894,,,False,0.6787978642080388,0.2815874467456663,-0.39721041746237246,5,0
A2,0.38001543209876537,0.1291054111854317,-0.0316358024691358,2,6,1,27.348079503513873,16.0,0.001,False,0.678685954422522,0.9360667095982254,0.2573807551757035,9,0
