method,accuracy_mean,accuracy_std,delta_vs_reference,wins_vs_reference,losses_vs_reference,draws_vs_reference,elapsed_sec,pca_rank,lifting,distance_ratio_mean,distance_ratio_std
koopman-noalign-pca16-quadratic,0.4108796296296296,0.1452949718951922,0.03047839506172839,6,2,1,26.15912934113294,16,quadratic,0.67866353580718,0.9687625279431863
koopman-noalign-pca64-quadratic,0.4050925925925926,0.13157843973261404,0.024691358024691353,5,4,0,28.301213051192462,64,quadratic,0.5711172574159176,0.7982282660936788
koopman-noalign-pca16-quadratic_cubic,0.39699074074074076,0.13431038498153777,0.0165895061728395,4,4,1,25.72295584063977,16,quadratic_cubic,0.6923734127992698,1.1575267145280297
koopman-noalign-pca32-quadratic,0.3885030864197531,0.146353697570386,0.008101851851851844,5,4,0,27.559387422166765,32,quadratic,0.6247318313278378,0.8769037656435117
koopman-noalign-pca32-quadratic_cubic,0.3807870370370371,0.13572791865063935,0.00038580246913580727,3,6,0,28.068017795681953,32,quadratic_cubic,0.6801657182841132,1.1442651520143778
koopman-noalign-pca64-quadratic_cubic,0.38040123456790126,0.11908648000720966,-6.1679056923619804e-18,3,5,1,30.695843808352947,64,quadratic_cubic,0.6669757780436567,1.1310505518132463
