{
  "accuracy": {
    "mean": 0.42476851851851855,
    "std": 0.10077423403259371
  },
  "kappa": {
    "mean": 0.2330246913580247,
    "std": 0.13436564537679158
  },
  "f1_macro": {
    "mean": 0.410526870348549,
    "std": 0.08174789085020708
  }
}