{
  "ra": 35.147420787252486,
  "noalign": 16.35475696530193,
  "koopman-noalign": 36.852598450146616,
  "ksda-static": 38.5707455072552
}