{
  "r": 0.6139077758001745,
  "p_value": 9.777063524647098e-09
}