{
  "r": 0.6128547162899771,
  "p_value": 1.0528951626493631e-08
}