{
  "accuracy": {
    "mean": 0.4375,
    "std": 0.14078565925495343
  },
  "kappa": {
    "mean": 0.25000000000000006,
    "std": 0.18771421233993787
  },
  "f1_macro": {
    "mean": 0.42378360966776246,
    "std": 0.14424293116260614
  }
}