{
  "r": 0.2000113173001142,
  "p_value": 0.09208169953213063
}