{
  "accuracy": {
    "mean": 0.39429012345679015,
    "std": 0.13074093746706425
  },
  "kappa": {
    "mean": 0.19238683127572018,
    "std": 0.17432124995608567
  },
  "f1_macro": {
    "mean": 0.35146339508422847,
    "std": 0.1362958376975565
  }
}