{
  "r": 0.39185713298686325,
  "p_value": 0.0006639444822065231
}