{
  "accuracy": {
    "mean": 0.38155864197530864,
    "std": 0.11362504961057437
  },
  "kappa": {
    "mean": 0.17541152263374485,
    "std": 0.15150006614743247
  },
  "f1_macro": {
    "mean": 0.33144679904372265,
    "std": 0.13355036330844555
  }
}