{
  "r": 0.6467176372326728,
  "p_value": 8.414616247507544e-10
}