{
  "accuracy": {
    "mean": 0.4236111111111111,
    "std": 0.13790886880719097
  },
  "kappa": {
    "mean": 0.2314814814814815,
    "std": 0.1838784917429213
  },
  "f1_macro": {
    "mean": 0.4101064300909651,
    "std": 0.13478511708267846
  }
}