target_subject,unique_experts,transitions,most_common_ratio
1,2,8,0.7777777777777778
2,3,6,0.7222222222222222
3,3,7,0.7777777777777778
4,2,1,0.9444444444444444
5,2,2,0.9444444444444444
6,3,4,0.8888888888888888
7,3,8,0.7777777777777778
8,3,10,0.6666666666666666
9,2,2,0.9444444444444444
