{
  "r": 0.08836303137872059,
  "p_value": 0.4604485626678645
}