{
  "accuracy": {
    "mean": 0.4108796296296296,
    "std": 0.1452949718951922
  },
  "kappa": {
    "mean": 0.2145061728395062,
    "std": 0.19372662919358957
  },
  "f1_macro": {
    "mean": 0.35858013569321556,
    "std": 0.1565712369995451
  }
}