{
  "r": 0.3578548435354404,
  "p_value": 0.0020269767480651595
}