{
  "accuracy": {
    "mean": 0.4112654320987654,
    "std": 0.1447037010375489
  },
  "kappa": {
    "mean": 0.21502057613168724,
    "std": 0.1929382680500652
  },
  "f1_macro": {
    "mean": 0.3589824271895194,
    "std": 0.15555641322933922
  }
}